<?xml version="1.0" encoding="UTF-8"?>
<resourceDescriptor critical="false"
                    date="2022-02-15-12:33"
                    description="DocGen, MMS syncing, and common profiles"
                    homePage="https://www.openmbee.org"
                    id="91110"
                    mdVersionMax="higher"
                    mdVersionMin="18.4"
                    name="Model Development Kit"
                    product="JPL Model Development Kit"
                    type="Plugin">
    <version human="5.0.1-SNAPSHOT" resource="1644946383" internal="1644946383"/>
    <provider name="OpenMBEE"/>
    <edition>Reader</edition>
    <edition>Community</edition>
    <edition>Standard</edition>
    <edition>Professional Java</edition>
    <edition>Professional C++</edition>
    <edition>Professional C#</edition>
    <edition>Professional ArcStyler</edition>
    <edition>Professional EFFS ArcStyler</edition>
    <edition>OptimalJ</edition>
    <edition>Professional</edition>
    <edition>Architect</edition>
    <edition>Enterprise</edition>
    <installation>
        <!-- START AUTO-GENERATED -->

		<file from="bin/cli/automatedcommitter.sh" to="bin/cli/automatedcommitter.sh"/>
		<file from="bin/cli/automatedviewgenerator.sh" to="bin/cli/automatedviewgenerator.sh"/>
		<file from="data/defaults/data/diagrams/DocGen 3 Diagram/descriptor.xml" to="data/defaults/data/diagrams/DocGen 3 Diagram/descriptor.xml"/>
		<file from="data/defaults/data/diagrams/DocGen 3 View Diagram/descriptor.xml" to="data/defaults/data/diagrams/DocGen 3 View Diagram/descriptor.xml"/>
		<file from="data/defaults/data/diagrams/Module Management/descriptor.xml" to="data/defaults/data/diagrams/Module Management/descriptor.xml"/>
		<file from="data/defaults/data/diagrams/View Class Diagram/descriptor.xml" to="data/defaults/data/diagrams/View Class Diagram/descriptor.xml"/>
		<file from="data/defaults/data/diagrams/View Diagram/descriptor.xml" to="data/defaults/data/diagrams/View Diagram/descriptor.xml"/>
		<file from="data/defaults/data/diagrams/Viewpoint Method Diagram/descriptor.xml" to="data/defaults/data/diagrams/Viewpoint Method Diagram/descriptor.xml"/>
		<file from="data/resourcemanager/MDR_Plugin_Model_Development_Kit_91110_descriptor.xml" to="data/resourcemanager/MDR_Plugin_Model_Development_Kit_91110_descriptor.xml"/>
		<file from="DocGenUserScripts/examples/HelloWorldParagraph.py" to="DocGenUserScripts/examples/HelloWorldParagraph.py"/>
		<file from="DocGenUserScripts/FrameworkValidation/CreateCustomizationsForStereotypes.py" to="DocGenUserScripts/FrameworkValidation/CreateCustomizationsForStereotypes.py"/>
		<file from="DocGenUserScripts/FrameworkValidation/DeprecateStereotypes.py" to="DocGenUserScripts/FrameworkValidation/DeprecateStereotypes.py"/>
		<file from="DocGenUserScripts/FrameworkValidation/Profile.py" to="DocGenUserScripts/FrameworkValidation/Profile.py"/>
		<file from="DocGenUserScripts/FrameworkValidation/ProfileValidation.py" to="DocGenUserScripts/FrameworkValidation/ProfileValidation.py"/>
		<file from="manual/MDK DocGen UserGuide.pdf" to="manual/MDK DocGen UserGuide.pdf"/>
		<file from="manual/MDK Systems Reasoner UserGuide.pdf" to="manual/MDK Systems Reasoner UserGuide.pdf"/>
		<file from="manual/MDK UserGuide.pdf" to="manual/MDK UserGuide.pdf"/>
		<file from="plugins/${group}/plugin.xml" to="plugins/${group}/plugin.xml"/>
		<file from="plugins/gov.nasa.jpl.cae.magicdraw.mdk/activemq-all-5.9.1.jar" to="plugins/gov.nasa.jpl.cae.magicdraw.mdk/activemq-all-5.9.1.jar"/>
		<file from="plugins/gov.nasa.jpl.cae.magicdraw.mdk/avalon-framework-4.2.0.jar" to="plugins/gov.nasa.jpl.cae.magicdraw.mdk/avalon-framework-4.2.0.jar"/>
		<file from="plugins/gov.nasa.jpl.cae.magicdraw.mdk/batik-all-1.7.jar" to="plugins/gov.nasa.jpl.cae.magicdraw.mdk/batik-all-1.7.jar"/>
		<file from="plugins/gov.nasa.jpl.cae.magicdraw.mdk/btf-1.2.jar" to="plugins/gov.nasa.jpl.cae.magicdraw.mdk/btf-1.2.jar"/>
		<file from="plugins/gov.nasa.jpl.cae.magicdraw.mdk/commons-cli-1.2.jar" to="plugins/gov.nasa.jpl.cae.magicdraw.mdk/commons-cli-1.2.jar"/>
		<file from="plugins/gov.nasa.jpl.cae.magicdraw.mdk/commons-codec-1.9.jar" to="plugins/gov.nasa.jpl.cae.magicdraw.mdk/commons-codec-1.9.jar"/>
		<file from="plugins/gov.nasa.jpl.cae.magicdraw.mdk/commons-io-1.3.2.jar" to="plugins/gov.nasa.jpl.cae.magicdraw.mdk/commons-io-1.3.2.jar"/>
		<file from="plugins/gov.nasa.jpl.cae.magicdraw.mdk/commons-logging-1.2.jar" to="plugins/gov.nasa.jpl.cae.magicdraw.mdk/commons-logging-1.2.jar"/>
		<file from="plugins/gov.nasa.jpl.cae.magicdraw.mdk/docbook-xsl/common/addns.xsl" to="plugins/gov.nasa.jpl.cae.magicdraw.mdk/docbook-xsl/common/addns.xsl"/>
		<file from="plugins/gov.nasa.jpl.cae.magicdraw.mdk/docbook-xsl/common/af.xml" to="plugins/gov.nasa.jpl.cae.magicdraw.mdk/docbook-xsl/common/af.xml"/>
		<file from="plugins/gov.nasa.jpl.cae.magicdraw.mdk/docbook-xsl/common/am.xml" to="plugins/gov.nasa.jpl.cae.magicdraw.mdk/docbook-xsl/common/am.xml"/>
		<file from="plugins/gov.nasa.jpl.cae.magicdraw.mdk/docbook-xsl/common/ar.xml" to="plugins/gov.nasa.jpl.cae.magicdraw.mdk/docbook-xsl/common/ar.xml"/>
		<file from="plugins/gov.nasa.jpl.cae.magicdraw.mdk/docbook-xsl/common/as.xml" to="plugins/gov.nasa.jpl.cae.magicdraw.mdk/docbook-xsl/common/as.xml"/>
		<file from="plugins/gov.nasa.jpl.cae.magicdraw.mdk/docbook-xsl/common/ast.xml" to="plugins/gov.nasa.jpl.cae.magicdraw.mdk/docbook-xsl/common/ast.xml"/>
		<file from="plugins/gov.nasa.jpl.cae.magicdraw.mdk/docbook-xsl/common/autoidx-kimber.xsl" to="plugins/gov.nasa.jpl.cae.magicdraw.mdk/docbook-xsl/common/autoidx-kimber.xsl"/>
		<file from="plugins/gov.nasa.jpl.cae.magicdraw.mdk/docbook-xsl/common/autoidx-kosek.xsl" to="plugins/gov.nasa.jpl.cae.magicdraw.mdk/docbook-xsl/common/autoidx-kosek.xsl"/>
		<file from="plugins/gov.nasa.jpl.cae.magicdraw.mdk/docbook-xsl/common/az.xml" to="plugins/gov.nasa.jpl.cae.magicdraw.mdk/docbook-xsl/common/az.xml"/>
		<file from="plugins/gov.nasa.jpl.cae.magicdraw.mdk/docbook-xsl/common/bg.xml" to="plugins/gov.nasa.jpl.cae.magicdraw.mdk/docbook-xsl/common/bg.xml"/>
		<file from="plugins/gov.nasa.jpl.cae.magicdraw.mdk/docbook-xsl/common/bn.xml" to="plugins/gov.nasa.jpl.cae.magicdraw.mdk/docbook-xsl/common/bn.xml"/>
		<file from="plugins/gov.nasa.jpl.cae.magicdraw.mdk/docbook-xsl/common/bn_in.xml" to="plugins/gov.nasa.jpl.cae.magicdraw.mdk/docbook-xsl/common/bn_in.xml"/>
		<file from="plugins/gov.nasa.jpl.cae.magicdraw.mdk/docbook-xsl/common/bs.xml" to="plugins/gov.nasa.jpl.cae.magicdraw.mdk/docbook-xsl/common/bs.xml"/>
		<file from="plugins/gov.nasa.jpl.cae.magicdraw.mdk/docbook-xsl/common/build.xml" to="plugins/gov.nasa.jpl.cae.magicdraw.mdk/docbook-xsl/common/build.xml"/>
		<file from="plugins/gov.nasa.jpl.cae.magicdraw.mdk/docbook-xsl/common/ca.xml" to="plugins/gov.nasa.jpl.cae.magicdraw.mdk/docbook-xsl/common/ca.xml"/>
		<file from="plugins/gov.nasa.jpl.cae.magicdraw.mdk/docbook-xsl/common/charmap.xml" to="plugins/gov.nasa.jpl.cae.magicdraw.mdk/docbook-xsl/common/charmap.xml"/>
		<file from="plugins/gov.nasa.jpl.cae.magicdraw.mdk/docbook-xsl/common/charmap.xsl" to="plugins/gov.nasa.jpl.cae.magicdraw.mdk/docbook-xsl/common/charmap.xsl"/>
		<file from="plugins/gov.nasa.jpl.cae.magicdraw.mdk/docbook-xsl/common/common.xml" to="plugins/gov.nasa.jpl.cae.magicdraw.mdk/docbook-xsl/common/common.xml"/>
		<file from="plugins/gov.nasa.jpl.cae.magicdraw.mdk/docbook-xsl/common/common.xsl" to="plugins/gov.nasa.jpl.cae.magicdraw.mdk/docbook-xsl/common/common.xsl"/>
		<file from="plugins/gov.nasa.jpl.cae.magicdraw.mdk/docbook-xsl/common/cs.xml" to="plugins/gov.nasa.jpl.cae.magicdraw.mdk/docbook-xsl/common/cs.xml"/>
		<file from="plugins/gov.nasa.jpl.cae.magicdraw.mdk/docbook-xsl/common/cy.xml" to="plugins/gov.nasa.jpl.cae.magicdraw.mdk/docbook-xsl/common/cy.xml"/>
		<file from="plugins/gov.nasa.jpl.cae.magicdraw.mdk/docbook-xsl/common/da.xml" to="plugins/gov.nasa.jpl.cae.magicdraw.mdk/docbook-xsl/common/da.xml"/>
		<file from="plugins/gov.nasa.jpl.cae.magicdraw.mdk/docbook-xsl/common/de.xml" to="plugins/gov.nasa.jpl.cae.magicdraw.mdk/docbook-xsl/common/de.xml"/>
		<file from="plugins/gov.nasa.jpl.cae.magicdraw.mdk/docbook-xsl/common/el.xml" to="plugins/gov.nasa.jpl.cae.magicdraw.mdk/docbook-xsl/common/el.xml"/>
		<file from="plugins/gov.nasa.jpl.cae.magicdraw.mdk/docbook-xsl/common/en.xml" to="plugins/gov.nasa.jpl.cae.magicdraw.mdk/docbook-xsl/common/en.xml"/>
		<file from="plugins/gov.nasa.jpl.cae.magicdraw.mdk/docbook-xsl/common/entities.ent" to="plugins/gov.nasa.jpl.cae.magicdraw.mdk/docbook-xsl/common/entities.ent"/>
		<file from="plugins/gov.nasa.jpl.cae.magicdraw.mdk/docbook-xsl/common/eo.xml" to="plugins/gov.nasa.jpl.cae.magicdraw.mdk/docbook-xsl/common/eo.xml"/>
		<file from="plugins/gov.nasa.jpl.cae.magicdraw.mdk/docbook-xsl/common/es.xml" to="plugins/gov.nasa.jpl.cae.magicdraw.mdk/docbook-xsl/common/es.xml"/>
		<file from="plugins/gov.nasa.jpl.cae.magicdraw.mdk/docbook-xsl/common/et.xml" to="plugins/gov.nasa.jpl.cae.magicdraw.mdk/docbook-xsl/common/et.xml"/>
		<file from="plugins/gov.nasa.jpl.cae.magicdraw.mdk/docbook-xsl/common/eu.xml" to="plugins/gov.nasa.jpl.cae.magicdraw.mdk/docbook-xsl/common/eu.xml"/>
		<file from="plugins/gov.nasa.jpl.cae.magicdraw.mdk/docbook-xsl/common/fa.xml" to="plugins/gov.nasa.jpl.cae.magicdraw.mdk/docbook-xsl/common/fa.xml"/>
		<file from="plugins/gov.nasa.jpl.cae.magicdraw.mdk/docbook-xsl/common/fi.xml" to="plugins/gov.nasa.jpl.cae.magicdraw.mdk/docbook-xsl/common/fi.xml"/>
		<file from="plugins/gov.nasa.jpl.cae.magicdraw.mdk/docbook-xsl/common/fr.xml" to="plugins/gov.nasa.jpl.cae.magicdraw.mdk/docbook-xsl/common/fr.xml"/>
		<file from="plugins/gov.nasa.jpl.cae.magicdraw.mdk/docbook-xsl/common/ga.xml" to="plugins/gov.nasa.jpl.cae.magicdraw.mdk/docbook-xsl/common/ga.xml"/>
		<file from="plugins/gov.nasa.jpl.cae.magicdraw.mdk/docbook-xsl/common/gentext.xsl" to="plugins/gov.nasa.jpl.cae.magicdraw.mdk/docbook-xsl/common/gentext.xsl"/>
		<file from="plugins/gov.nasa.jpl.cae.magicdraw.mdk/docbook-xsl/common/gl.xml" to="plugins/gov.nasa.jpl.cae.magicdraw.mdk/docbook-xsl/common/gl.xml"/>
		<file from="plugins/gov.nasa.jpl.cae.magicdraw.mdk/docbook-xsl/common/gu.xml" to="plugins/gov.nasa.jpl.cae.magicdraw.mdk/docbook-xsl/common/gu.xml"/>
		<file from="plugins/gov.nasa.jpl.cae.magicdraw.mdk/docbook-xsl/common/he.xml" to="plugins/gov.nasa.jpl.cae.magicdraw.mdk/docbook-xsl/common/he.xml"/>
		<file from="plugins/gov.nasa.jpl.cae.magicdraw.mdk/docbook-xsl/common/hi.xml" to="plugins/gov.nasa.jpl.cae.magicdraw.mdk/docbook-xsl/common/hi.xml"/>
		<file from="plugins/gov.nasa.jpl.cae.magicdraw.mdk/docbook-xsl/common/hr.xml" to="plugins/gov.nasa.jpl.cae.magicdraw.mdk/docbook-xsl/common/hr.xml"/>
		<file from="plugins/gov.nasa.jpl.cae.magicdraw.mdk/docbook-xsl/common/hu.xml" to="plugins/gov.nasa.jpl.cae.magicdraw.mdk/docbook-xsl/common/hu.xml"/>
		<file from="plugins/gov.nasa.jpl.cae.magicdraw.mdk/docbook-xsl/common/id.xml" to="plugins/gov.nasa.jpl.cae.magicdraw.mdk/docbook-xsl/common/id.xml"/>
		<file from="plugins/gov.nasa.jpl.cae.magicdraw.mdk/docbook-xsl/common/insertfile.xsl" to="plugins/gov.nasa.jpl.cae.magicdraw.mdk/docbook-xsl/common/insertfile.xsl"/>
		<file from="plugins/gov.nasa.jpl.cae.magicdraw.mdk/docbook-xsl/common/is.xml" to="plugins/gov.nasa.jpl.cae.magicdraw.mdk/docbook-xsl/common/is.xml"/>
		<file from="plugins/gov.nasa.jpl.cae.magicdraw.mdk/docbook-xsl/common/it.xml" to="plugins/gov.nasa.jpl.cae.magicdraw.mdk/docbook-xsl/common/it.xml"/>
		<file from="plugins/gov.nasa.jpl.cae.magicdraw.mdk/docbook-xsl/common/ja.xml" to="plugins/gov.nasa.jpl.cae.magicdraw.mdk/docbook-xsl/common/ja.xml"/>
		<file from="plugins/gov.nasa.jpl.cae.magicdraw.mdk/docbook-xsl/common/ka.xml" to="plugins/gov.nasa.jpl.cae.magicdraw.mdk/docbook-xsl/common/ka.xml"/>
		<file from="plugins/gov.nasa.jpl.cae.magicdraw.mdk/docbook-xsl/common/kn.xml" to="plugins/gov.nasa.jpl.cae.magicdraw.mdk/docbook-xsl/common/kn.xml"/>
		<file from="plugins/gov.nasa.jpl.cae.magicdraw.mdk/docbook-xsl/common/ko.xml" to="plugins/gov.nasa.jpl.cae.magicdraw.mdk/docbook-xsl/common/ko.xml"/>
		<file from="plugins/gov.nasa.jpl.cae.magicdraw.mdk/docbook-xsl/common/ky.xml" to="plugins/gov.nasa.jpl.cae.magicdraw.mdk/docbook-xsl/common/ky.xml"/>
		<file from="plugins/gov.nasa.jpl.cae.magicdraw.mdk/docbook-xsl/common/l10n.dtd" to="plugins/gov.nasa.jpl.cae.magicdraw.mdk/docbook-xsl/common/l10n.dtd"/>
		<file from="plugins/gov.nasa.jpl.cae.magicdraw.mdk/docbook-xsl/common/l10n.xml" to="plugins/gov.nasa.jpl.cae.magicdraw.mdk/docbook-xsl/common/l10n.xml"/>
		<file from="plugins/gov.nasa.jpl.cae.magicdraw.mdk/docbook-xsl/common/l10n.xsl" to="plugins/gov.nasa.jpl.cae.magicdraw.mdk/docbook-xsl/common/l10n.xsl"/>
		<file from="plugins/gov.nasa.jpl.cae.magicdraw.mdk/docbook-xsl/common/la.xml" to="plugins/gov.nasa.jpl.cae.magicdraw.mdk/docbook-xsl/common/la.xml"/>
		<file from="plugins/gov.nasa.jpl.cae.magicdraw.mdk/docbook-xsl/common/labels.xsl" to="plugins/gov.nasa.jpl.cae.magicdraw.mdk/docbook-xsl/common/labels.xsl"/>
		<file from="plugins/gov.nasa.jpl.cae.magicdraw.mdk/docbook-xsl/common/lt.xml" to="plugins/gov.nasa.jpl.cae.magicdraw.mdk/docbook-xsl/common/lt.xml"/>
		<file from="plugins/gov.nasa.jpl.cae.magicdraw.mdk/docbook-xsl/common/lv.xml" to="plugins/gov.nasa.jpl.cae.magicdraw.mdk/docbook-xsl/common/lv.xml"/>
		<file from="plugins/gov.nasa.jpl.cae.magicdraw.mdk/docbook-xsl/common/ml.xml" to="plugins/gov.nasa.jpl.cae.magicdraw.mdk/docbook-xsl/common/ml.xml"/>
		<file from="plugins/gov.nasa.jpl.cae.magicdraw.mdk/docbook-xsl/common/mn.xml" to="plugins/gov.nasa.jpl.cae.magicdraw.mdk/docbook-xsl/common/mn.xml"/>
		<file from="plugins/gov.nasa.jpl.cae.magicdraw.mdk/docbook-xsl/common/mr.xml" to="plugins/gov.nasa.jpl.cae.magicdraw.mdk/docbook-xsl/common/mr.xml"/>
		<file from="plugins/gov.nasa.jpl.cae.magicdraw.mdk/docbook-xsl/common/nb.xml" to="plugins/gov.nasa.jpl.cae.magicdraw.mdk/docbook-xsl/common/nb.xml"/>
		<file from="plugins/gov.nasa.jpl.cae.magicdraw.mdk/docbook-xsl/common/nds.xml" to="plugins/gov.nasa.jpl.cae.magicdraw.mdk/docbook-xsl/common/nds.xml"/>
		<file from="plugins/gov.nasa.jpl.cae.magicdraw.mdk/docbook-xsl/common/nl.xml" to="plugins/gov.nasa.jpl.cae.magicdraw.mdk/docbook-xsl/common/nl.xml"/>
		<file from="plugins/gov.nasa.jpl.cae.magicdraw.mdk/docbook-xsl/common/nn.xml" to="plugins/gov.nasa.jpl.cae.magicdraw.mdk/docbook-xsl/common/nn.xml"/>
		<file from="plugins/gov.nasa.jpl.cae.magicdraw.mdk/docbook-xsl/common/olink.xsl" to="plugins/gov.nasa.jpl.cae.magicdraw.mdk/docbook-xsl/common/olink.xsl"/>
		<file from="plugins/gov.nasa.jpl.cae.magicdraw.mdk/docbook-xsl/common/or.xml" to="plugins/gov.nasa.jpl.cae.magicdraw.mdk/docbook-xsl/common/or.xml"/>
		<file from="plugins/gov.nasa.jpl.cae.magicdraw.mdk/docbook-xsl/common/pa.xml" to="plugins/gov.nasa.jpl.cae.magicdraw.mdk/docbook-xsl/common/pa.xml"/>
		<file from="plugins/gov.nasa.jpl.cae.magicdraw.mdk/docbook-xsl/common/pi.xml" to="plugins/gov.nasa.jpl.cae.magicdraw.mdk/docbook-xsl/common/pi.xml"/>
		<file from="plugins/gov.nasa.jpl.cae.magicdraw.mdk/docbook-xsl/common/pi.xsl" to="plugins/gov.nasa.jpl.cae.magicdraw.mdk/docbook-xsl/common/pi.xsl"/>
		<file from="plugins/gov.nasa.jpl.cae.magicdraw.mdk/docbook-xsl/common/pl.xml" to="plugins/gov.nasa.jpl.cae.magicdraw.mdk/docbook-xsl/common/pl.xml"/>
		<file from="plugins/gov.nasa.jpl.cae.magicdraw.mdk/docbook-xsl/common/pt.xml" to="plugins/gov.nasa.jpl.cae.magicdraw.mdk/docbook-xsl/common/pt.xml"/>
		<file from="plugins/gov.nasa.jpl.cae.magicdraw.mdk/docbook-xsl/common/pt_br.xml" to="plugins/gov.nasa.jpl.cae.magicdraw.mdk/docbook-xsl/common/pt_br.xml"/>
		<file from="plugins/gov.nasa.jpl.cae.magicdraw.mdk/docbook-xsl/common/refentry.xml" to="plugins/gov.nasa.jpl.cae.magicdraw.mdk/docbook-xsl/common/refentry.xml"/>
		<file from="plugins/gov.nasa.jpl.cae.magicdraw.mdk/docbook-xsl/common/refentry.xsl" to="plugins/gov.nasa.jpl.cae.magicdraw.mdk/docbook-xsl/common/refentry.xsl"/>
		<file from="plugins/gov.nasa.jpl.cae.magicdraw.mdk/docbook-xsl/common/ro.xml" to="plugins/gov.nasa.jpl.cae.magicdraw.mdk/docbook-xsl/common/ro.xml"/>
		<file from="plugins/gov.nasa.jpl.cae.magicdraw.mdk/docbook-xsl/common/ru.xml" to="plugins/gov.nasa.jpl.cae.magicdraw.mdk/docbook-xsl/common/ru.xml"/>
		<file from="plugins/gov.nasa.jpl.cae.magicdraw.mdk/docbook-xsl/common/sk.xml" to="plugins/gov.nasa.jpl.cae.magicdraw.mdk/docbook-xsl/common/sk.xml"/>
		<file from="plugins/gov.nasa.jpl.cae.magicdraw.mdk/docbook-xsl/common/sl.xml" to="plugins/gov.nasa.jpl.cae.magicdraw.mdk/docbook-xsl/common/sl.xml"/>
		<file from="plugins/gov.nasa.jpl.cae.magicdraw.mdk/docbook-xsl/common/sq.xml" to="plugins/gov.nasa.jpl.cae.magicdraw.mdk/docbook-xsl/common/sq.xml"/>
		<file from="plugins/gov.nasa.jpl.cae.magicdraw.mdk/docbook-xsl/common/sr.xml" to="plugins/gov.nasa.jpl.cae.magicdraw.mdk/docbook-xsl/common/sr.xml"/>
		<file from="plugins/gov.nasa.jpl.cae.magicdraw.mdk/docbook-xsl/common/sr_Latn.xml" to="plugins/gov.nasa.jpl.cae.magicdraw.mdk/docbook-xsl/common/sr_Latn.xml"/>
		<file from="plugins/gov.nasa.jpl.cae.magicdraw.mdk/docbook-xsl/common/stripns.xsl" to="plugins/gov.nasa.jpl.cae.magicdraw.mdk/docbook-xsl/common/stripns.xsl"/>
		<file from="plugins/gov.nasa.jpl.cae.magicdraw.mdk/docbook-xsl/common/subtitles.xsl" to="plugins/gov.nasa.jpl.cae.magicdraw.mdk/docbook-xsl/common/subtitles.xsl"/>
		<file from="plugins/gov.nasa.jpl.cae.magicdraw.mdk/docbook-xsl/common/sv.xml" to="plugins/gov.nasa.jpl.cae.magicdraw.mdk/docbook-xsl/common/sv.xml"/>
		<file from="plugins/gov.nasa.jpl.cae.magicdraw.mdk/docbook-xsl/common/ta.xml" to="plugins/gov.nasa.jpl.cae.magicdraw.mdk/docbook-xsl/common/ta.xml"/>
		<file from="plugins/gov.nasa.jpl.cae.magicdraw.mdk/docbook-xsl/common/table.xsl" to="plugins/gov.nasa.jpl.cae.magicdraw.mdk/docbook-xsl/common/table.xsl"/>
		<file from="plugins/gov.nasa.jpl.cae.magicdraw.mdk/docbook-xsl/common/targetdatabase.dtd" to="plugins/gov.nasa.jpl.cae.magicdraw.mdk/docbook-xsl/common/targetdatabase.dtd"/>
		<file from="plugins/gov.nasa.jpl.cae.magicdraw.mdk/docbook-xsl/common/targets.xsl" to="plugins/gov.nasa.jpl.cae.magicdraw.mdk/docbook-xsl/common/targets.xsl"/>
		<file from="plugins/gov.nasa.jpl.cae.magicdraw.mdk/docbook-xsl/common/te.xml" to="plugins/gov.nasa.jpl.cae.magicdraw.mdk/docbook-xsl/common/te.xml"/>
		<file from="plugins/gov.nasa.jpl.cae.magicdraw.mdk/docbook-xsl/common/th.xml" to="plugins/gov.nasa.jpl.cae.magicdraw.mdk/docbook-xsl/common/th.xml"/>
		<file from="plugins/gov.nasa.jpl.cae.magicdraw.mdk/docbook-xsl/common/titles.xsl" to="plugins/gov.nasa.jpl.cae.magicdraw.mdk/docbook-xsl/common/titles.xsl"/>
		<file from="plugins/gov.nasa.jpl.cae.magicdraw.mdk/docbook-xsl/common/tl.xml" to="plugins/gov.nasa.jpl.cae.magicdraw.mdk/docbook-xsl/common/tl.xml"/>
		<file from="plugins/gov.nasa.jpl.cae.magicdraw.mdk/docbook-xsl/common/tr.xml" to="plugins/gov.nasa.jpl.cae.magicdraw.mdk/docbook-xsl/common/tr.xml"/>
		<file from="plugins/gov.nasa.jpl.cae.magicdraw.mdk/docbook-xsl/common/uk.xml" to="plugins/gov.nasa.jpl.cae.magicdraw.mdk/docbook-xsl/common/uk.xml"/>
		<file from="plugins/gov.nasa.jpl.cae.magicdraw.mdk/docbook-xsl/common/ur.xml" to="plugins/gov.nasa.jpl.cae.magicdraw.mdk/docbook-xsl/common/ur.xml"/>
		<file from="plugins/gov.nasa.jpl.cae.magicdraw.mdk/docbook-xsl/common/utility.xml" to="plugins/gov.nasa.jpl.cae.magicdraw.mdk/docbook-xsl/common/utility.xml"/>
		<file from="plugins/gov.nasa.jpl.cae.magicdraw.mdk/docbook-xsl/common/utility.xsl" to="plugins/gov.nasa.jpl.cae.magicdraw.mdk/docbook-xsl/common/utility.xsl"/>
		<file from="plugins/gov.nasa.jpl.cae.magicdraw.mdk/docbook-xsl/common/vi.xml" to="plugins/gov.nasa.jpl.cae.magicdraw.mdk/docbook-xsl/common/vi.xml"/>
		<file from="plugins/gov.nasa.jpl.cae.magicdraw.mdk/docbook-xsl/common/xh.xml" to="plugins/gov.nasa.jpl.cae.magicdraw.mdk/docbook-xsl/common/xh.xml"/>
		<file from="plugins/gov.nasa.jpl.cae.magicdraw.mdk/docbook-xsl/common/zh.xml" to="plugins/gov.nasa.jpl.cae.magicdraw.mdk/docbook-xsl/common/zh.xml"/>
		<file from="plugins/gov.nasa.jpl.cae.magicdraw.mdk/docbook-xsl/common/zh_cn.xml" to="plugins/gov.nasa.jpl.cae.magicdraw.mdk/docbook-xsl/common/zh_cn.xml"/>
		<file from="plugins/gov.nasa.jpl.cae.magicdraw.mdk/docbook-xsl/common/zh_tw.xml" to="plugins/gov.nasa.jpl.cae.magicdraw.mdk/docbook-xsl/common/zh_tw.xml"/>
		<file from="plugins/gov.nasa.jpl.cae.magicdraw.mdk/docbook-xsl/COPYING" to="plugins/gov.nasa.jpl.cae.magicdraw.mdk/docbook-xsl/COPYING"/>
		<file from="plugins/gov.nasa.jpl.cae.magicdraw.mdk/docbook-xsl/fo/admon.xsl" to="plugins/gov.nasa.jpl.cae.magicdraw.mdk/docbook-xsl/fo/admon.xsl"/>
		<file from="plugins/gov.nasa.jpl.cae.magicdraw.mdk/docbook-xsl/fo/annotations.xsl" to="plugins/gov.nasa.jpl.cae.magicdraw.mdk/docbook-xsl/fo/annotations.xsl"/>
		<file from="plugins/gov.nasa.jpl.cae.magicdraw.mdk/docbook-xsl/fo/autoidx-kimber.xsl" to="plugins/gov.nasa.jpl.cae.magicdraw.mdk/docbook-xsl/fo/autoidx-kimber.xsl"/>
		<file from="plugins/gov.nasa.jpl.cae.magicdraw.mdk/docbook-xsl/fo/autoidx-kosek.xsl" to="plugins/gov.nasa.jpl.cae.magicdraw.mdk/docbook-xsl/fo/autoidx-kosek.xsl"/>
		<file from="plugins/gov.nasa.jpl.cae.magicdraw.mdk/docbook-xsl/fo/autoidx-ng.xsl" to="plugins/gov.nasa.jpl.cae.magicdraw.mdk/docbook-xsl/fo/autoidx-ng.xsl"/>
		<file from="plugins/gov.nasa.jpl.cae.magicdraw.mdk/docbook-xsl/fo/autoidx.xsl" to="plugins/gov.nasa.jpl.cae.magicdraw.mdk/docbook-xsl/fo/autoidx.xsl"/>
		<file from="plugins/gov.nasa.jpl.cae.magicdraw.mdk/docbook-xsl/fo/autotoc.xsl" to="plugins/gov.nasa.jpl.cae.magicdraw.mdk/docbook-xsl/fo/autotoc.xsl"/>
		<file from="plugins/gov.nasa.jpl.cae.magicdraw.mdk/docbook-xsl/fo/axf.xsl" to="plugins/gov.nasa.jpl.cae.magicdraw.mdk/docbook-xsl/fo/axf.xsl"/>
		<file from="plugins/gov.nasa.jpl.cae.magicdraw.mdk/docbook-xsl/fo/biblio-iso690.xsl" to="plugins/gov.nasa.jpl.cae.magicdraw.mdk/docbook-xsl/fo/biblio-iso690.xsl"/>
		<file from="plugins/gov.nasa.jpl.cae.magicdraw.mdk/docbook-xsl/fo/biblio.xsl" to="plugins/gov.nasa.jpl.cae.magicdraw.mdk/docbook-xsl/fo/biblio.xsl"/>
		<file from="plugins/gov.nasa.jpl.cae.magicdraw.mdk/docbook-xsl/fo/block.xsl" to="plugins/gov.nasa.jpl.cae.magicdraw.mdk/docbook-xsl/fo/block.xsl"/>
		<file from="plugins/gov.nasa.jpl.cae.magicdraw.mdk/docbook-xsl/fo/build.xml" to="plugins/gov.nasa.jpl.cae.magicdraw.mdk/docbook-xsl/fo/build.xml"/>
		<file from="plugins/gov.nasa.jpl.cae.magicdraw.mdk/docbook-xsl/fo/callout.xsl" to="plugins/gov.nasa.jpl.cae.magicdraw.mdk/docbook-xsl/fo/callout.xsl"/>
		<file from="plugins/gov.nasa.jpl.cae.magicdraw.mdk/docbook-xsl/fo/component.xsl" to="plugins/gov.nasa.jpl.cae.magicdraw.mdk/docbook-xsl/fo/component.xsl"/>
		<file from="plugins/gov.nasa.jpl.cae.magicdraw.mdk/docbook-xsl/fo/division.xsl" to="plugins/gov.nasa.jpl.cae.magicdraw.mdk/docbook-xsl/fo/division.xsl"/>
		<file from="plugins/gov.nasa.jpl.cae.magicdraw.mdk/docbook-xsl/fo/docbook.xsl" to="plugins/gov.nasa.jpl.cae.magicdraw.mdk/docbook-xsl/fo/docbook.xsl"/>
		<file from="plugins/gov.nasa.jpl.cae.magicdraw.mdk/docbook-xsl/fo/ebnf.xsl" to="plugins/gov.nasa.jpl.cae.magicdraw.mdk/docbook-xsl/fo/ebnf.xsl"/>
		<file from="plugins/gov.nasa.jpl.cae.magicdraw.mdk/docbook-xsl/fo/fo-rtf.xsl" to="plugins/gov.nasa.jpl.cae.magicdraw.mdk/docbook-xsl/fo/fo-rtf.xsl"/>
		<file from="plugins/gov.nasa.jpl.cae.magicdraw.mdk/docbook-xsl/fo/fo.xsl" to="plugins/gov.nasa.jpl.cae.magicdraw.mdk/docbook-xsl/fo/fo.xsl"/>
		<file from="plugins/gov.nasa.jpl.cae.magicdraw.mdk/docbook-xsl/fo/footnote.xsl" to="plugins/gov.nasa.jpl.cae.magicdraw.mdk/docbook-xsl/fo/footnote.xsl"/>
		<file from="plugins/gov.nasa.jpl.cae.magicdraw.mdk/docbook-xsl/fo/fop.xsl" to="plugins/gov.nasa.jpl.cae.magicdraw.mdk/docbook-xsl/fo/fop.xsl"/>
		<file from="plugins/gov.nasa.jpl.cae.magicdraw.mdk/docbook-xsl/fo/fop1.xsl" to="plugins/gov.nasa.jpl.cae.magicdraw.mdk/docbook-xsl/fo/fop1.xsl"/>
		<file from="plugins/gov.nasa.jpl.cae.magicdraw.mdk/docbook-xsl/fo/formal.xsl" to="plugins/gov.nasa.jpl.cae.magicdraw.mdk/docbook-xsl/fo/formal.xsl"/>
		<file from="plugins/gov.nasa.jpl.cae.magicdraw.mdk/docbook-xsl/fo/glossary.xsl" to="plugins/gov.nasa.jpl.cae.magicdraw.mdk/docbook-xsl/fo/glossary.xsl"/>
		<file from="plugins/gov.nasa.jpl.cae.magicdraw.mdk/docbook-xsl/fo/graphics.xsl" to="plugins/gov.nasa.jpl.cae.magicdraw.mdk/docbook-xsl/fo/graphics.xsl"/>
		<file from="plugins/gov.nasa.jpl.cae.magicdraw.mdk/docbook-xsl/fo/highlight.xsl" to="plugins/gov.nasa.jpl.cae.magicdraw.mdk/docbook-xsl/fo/highlight.xsl"/>
		<file from="plugins/gov.nasa.jpl.cae.magicdraw.mdk/docbook-xsl/fo/htmltbl.xsl" to="plugins/gov.nasa.jpl.cae.magicdraw.mdk/docbook-xsl/fo/htmltbl.xsl"/>
		<file from="plugins/gov.nasa.jpl.cae.magicdraw.mdk/docbook-xsl/fo/index.xsl" to="plugins/gov.nasa.jpl.cae.magicdraw.mdk/docbook-xsl/fo/index.xsl"/>
		<file from="plugins/gov.nasa.jpl.cae.magicdraw.mdk/docbook-xsl/fo/info.xsl" to="plugins/gov.nasa.jpl.cae.magicdraw.mdk/docbook-xsl/fo/info.xsl"/>
		<file from="plugins/gov.nasa.jpl.cae.magicdraw.mdk/docbook-xsl/fo/inline.xsl" to="plugins/gov.nasa.jpl.cae.magicdraw.mdk/docbook-xsl/fo/inline.xsl"/>
		<file from="plugins/gov.nasa.jpl.cae.magicdraw.mdk/docbook-xsl/fo/keywords.xsl" to="plugins/gov.nasa.jpl.cae.magicdraw.mdk/docbook-xsl/fo/keywords.xsl"/>
		<file from="plugins/gov.nasa.jpl.cae.magicdraw.mdk/docbook-xsl/fo/lists.xsl" to="plugins/gov.nasa.jpl.cae.magicdraw.mdk/docbook-xsl/fo/lists.xsl"/>
		<file from="plugins/gov.nasa.jpl.cae.magicdraw.mdk/docbook-xsl/fo/math.xsl" to="plugins/gov.nasa.jpl.cae.magicdraw.mdk/docbook-xsl/fo/math.xsl"/>
		<file from="plugins/gov.nasa.jpl.cae.magicdraw.mdk/docbook-xsl/fo/mdk-default.xsl" to="plugins/gov.nasa.jpl.cae.magicdraw.mdk/docbook-xsl/fo/mdk-default.xsl"/>
		<file from="plugins/gov.nasa.jpl.cae.magicdraw.mdk/docbook-xsl/fo/pagesetup.xsl" to="plugins/gov.nasa.jpl.cae.magicdraw.mdk/docbook-xsl/fo/pagesetup.xsl"/>
		<file from="plugins/gov.nasa.jpl.cae.magicdraw.mdk/docbook-xsl/fo/param.xml" to="plugins/gov.nasa.jpl.cae.magicdraw.mdk/docbook-xsl/fo/param.xml"/>
		<file from="plugins/gov.nasa.jpl.cae.magicdraw.mdk/docbook-xsl/fo/param.xsl" to="plugins/gov.nasa.jpl.cae.magicdraw.mdk/docbook-xsl/fo/param.xsl"/>
		<file from="plugins/gov.nasa.jpl.cae.magicdraw.mdk/docbook-xsl/fo/passivetex.xsl" to="plugins/gov.nasa.jpl.cae.magicdraw.mdk/docbook-xsl/fo/passivetex.xsl"/>
		<file from="plugins/gov.nasa.jpl.cae.magicdraw.mdk/docbook-xsl/fo/pdf2index" to="plugins/gov.nasa.jpl.cae.magicdraw.mdk/docbook-xsl/fo/pdf2index"/>
		<file from="plugins/gov.nasa.jpl.cae.magicdraw.mdk/docbook-xsl/fo/pi.xml" to="plugins/gov.nasa.jpl.cae.magicdraw.mdk/docbook-xsl/fo/pi.xml"/>
		<file from="plugins/gov.nasa.jpl.cae.magicdraw.mdk/docbook-xsl/fo/pi.xsl" to="plugins/gov.nasa.jpl.cae.magicdraw.mdk/docbook-xsl/fo/pi.xsl"/>
		<file from="plugins/gov.nasa.jpl.cae.magicdraw.mdk/docbook-xsl/fo/profile-docbook.xsl" to="plugins/gov.nasa.jpl.cae.magicdraw.mdk/docbook-xsl/fo/profile-docbook.xsl"/>
		<file from="plugins/gov.nasa.jpl.cae.magicdraw.mdk/docbook-xsl/fo/ptc.xsl" to="plugins/gov.nasa.jpl.cae.magicdraw.mdk/docbook-xsl/fo/ptc.xsl"/>
		<file from="plugins/gov.nasa.jpl.cae.magicdraw.mdk/docbook-xsl/fo/publishers.xsl" to="plugins/gov.nasa.jpl.cae.magicdraw.mdk/docbook-xsl/fo/publishers.xsl"/>
		<file from="plugins/gov.nasa.jpl.cae.magicdraw.mdk/docbook-xsl/fo/qandaset.xsl" to="plugins/gov.nasa.jpl.cae.magicdraw.mdk/docbook-xsl/fo/qandaset.xsl"/>
		<file from="plugins/gov.nasa.jpl.cae.magicdraw.mdk/docbook-xsl/fo/refentry.xsl" to="plugins/gov.nasa.jpl.cae.magicdraw.mdk/docbook-xsl/fo/refentry.xsl"/>
		<file from="plugins/gov.nasa.jpl.cae.magicdraw.mdk/docbook-xsl/fo/sections.xsl" to="plugins/gov.nasa.jpl.cae.magicdraw.mdk/docbook-xsl/fo/sections.xsl"/>
		<file from="plugins/gov.nasa.jpl.cae.magicdraw.mdk/docbook-xsl/fo/spaces.xsl" to="plugins/gov.nasa.jpl.cae.magicdraw.mdk/docbook-xsl/fo/spaces.xsl"/>
		<file from="plugins/gov.nasa.jpl.cae.magicdraw.mdk/docbook-xsl/fo/synop.xsl" to="plugins/gov.nasa.jpl.cae.magicdraw.mdk/docbook-xsl/fo/synop.xsl"/>
		<file from="plugins/gov.nasa.jpl.cae.magicdraw.mdk/docbook-xsl/fo/table.xml" to="plugins/gov.nasa.jpl.cae.magicdraw.mdk/docbook-xsl/fo/table.xml"/>
		<file from="plugins/gov.nasa.jpl.cae.magicdraw.mdk/docbook-xsl/fo/table.xsl" to="plugins/gov.nasa.jpl.cae.magicdraw.mdk/docbook-xsl/fo/table.xsl"/>
		<file from="plugins/gov.nasa.jpl.cae.magicdraw.mdk/docbook-xsl/fo/task.xsl" to="plugins/gov.nasa.jpl.cae.magicdraw.mdk/docbook-xsl/fo/task.xsl"/>
		<file from="plugins/gov.nasa.jpl.cae.magicdraw.mdk/docbook-xsl/fo/titlepage.templates.xml" to="plugins/gov.nasa.jpl.cae.magicdraw.mdk/docbook-xsl/fo/titlepage.templates.xml"/>
		<file from="plugins/gov.nasa.jpl.cae.magicdraw.mdk/docbook-xsl/fo/titlepage.templates.xsl" to="plugins/gov.nasa.jpl.cae.magicdraw.mdk/docbook-xsl/fo/titlepage.templates.xsl"/>
		<file from="plugins/gov.nasa.jpl.cae.magicdraw.mdk/docbook-xsl/fo/titlepage.xsl" to="plugins/gov.nasa.jpl.cae.magicdraw.mdk/docbook-xsl/fo/titlepage.xsl"/>
		<file from="plugins/gov.nasa.jpl.cae.magicdraw.mdk/docbook-xsl/fo/toc.xsl" to="plugins/gov.nasa.jpl.cae.magicdraw.mdk/docbook-xsl/fo/toc.xsl"/>
		<file from="plugins/gov.nasa.jpl.cae.magicdraw.mdk/docbook-xsl/fo/verbatim.xsl" to="plugins/gov.nasa.jpl.cae.magicdraw.mdk/docbook-xsl/fo/verbatim.xsl"/>
		<file from="plugins/gov.nasa.jpl.cae.magicdraw.mdk/docbook-xsl/fo/xep.xsl" to="plugins/gov.nasa.jpl.cae.magicdraw.mdk/docbook-xsl/fo/xep.xsl"/>
		<file from="plugins/gov.nasa.jpl.cae.magicdraw.mdk/docbook-xsl/fo/xref.xsl" to="plugins/gov.nasa.jpl.cae.magicdraw.mdk/docbook-xsl/fo/xref.xsl"/>
		<file from="plugins/gov.nasa.jpl.cae.magicdraw.mdk/docbook-xsl/highlighting/common.xsl" to="plugins/gov.nasa.jpl.cae.magicdraw.mdk/docbook-xsl/highlighting/common.xsl"/>
		<file from="plugins/gov.nasa.jpl.cae.magicdraw.mdk/docbook-xsl/html/chunker.xsl" to="plugins/gov.nasa.jpl.cae.magicdraw.mdk/docbook-xsl/html/chunker.xsl"/>
		<file from="plugins/gov.nasa.jpl.cae.magicdraw.mdk/docbook-xsl/lib/build.xml" to="plugins/gov.nasa.jpl.cae.magicdraw.mdk/docbook-xsl/lib/build.xml"/>
		<file from="plugins/gov.nasa.jpl.cae.magicdraw.mdk/docbook-xsl/lib/lib.xsl" to="plugins/gov.nasa.jpl.cae.magicdraw.mdk/docbook-xsl/lib/lib.xsl"/>
		<file from="plugins/gov.nasa.jpl.cae.magicdraw.mdk/docbook-xsl/profiling/profile-mode.xsl" to="plugins/gov.nasa.jpl.cae.magicdraw.mdk/docbook-xsl/profiling/profile-mode.xsl"/>
		<file from="plugins/gov.nasa.jpl.cae.magicdraw.mdk/docbook-xsl/README" to="plugins/gov.nasa.jpl.cae.magicdraw.mdk/docbook-xsl/README"/>
		<file from="plugins/gov.nasa.jpl.cae.magicdraw.mdk/docbook-xsl/RELEASE-NOTES.txt" to="plugins/gov.nasa.jpl.cae.magicdraw.mdk/docbook-xsl/RELEASE-NOTES.txt"/>
		<file from="plugins/gov.nasa.jpl.cae.magicdraw.mdk/docbook-xsl/VERSION.xsl" to="plugins/gov.nasa.jpl.cae.magicdraw.mdk/docbook-xsl/VERSION.xsl"/>
		<file from="plugins/gov.nasa.jpl.cae.magicdraw.mdk/fop-1.1.jar" to="plugins/gov.nasa.jpl.cae.magicdraw.mdk/fop-1.1.jar"/>
		<file from="plugins/gov.nasa.jpl.cae.magicdraw.mdk/guava-16.0.1.jar" to="plugins/gov.nasa.jpl.cae.magicdraw.mdk/guava-16.0.1.jar"/>
		<file from="plugins/gov.nasa.jpl.cae.magicdraw.mdk/httpclient-4.5.2.jar" to="plugins/gov.nasa.jpl.cae.magicdraw.mdk/httpclient-4.5.2.jar"/>
		<file from="plugins/gov.nasa.jpl.cae.magicdraw.mdk/httpcore-4.4.4.jar" to="plugins/gov.nasa.jpl.cae.magicdraw.mdk/httpcore-4.4.4.jar"/>
		<file from="plugins/gov.nasa.jpl.cae.magicdraw.mdk/httpmime-4.5.2.jar" to="plugins/gov.nasa.jpl.cae.magicdraw.mdk/httpmime-4.5.2.jar"/>
		<file from="plugins/gov.nasa.jpl.cae.magicdraw.mdk/jackson-annotations-2.10.3.jar" to="plugins/gov.nasa.jpl.cae.magicdraw.mdk/jackson-annotations-2.10.3.jar"/>
		<file from="plugins/gov.nasa.jpl.cae.magicdraw.mdk/jackson-core-2.10.3.jar" to="plugins/gov.nasa.jpl.cae.magicdraw.mdk/jackson-core-2.10.3.jar"/>
		<file from="plugins/gov.nasa.jpl.cae.magicdraw.mdk/jackson-coreutils-1.6.jar" to="plugins/gov.nasa.jpl.cae.magicdraw.mdk/jackson-coreutils-1.6.jar"/>
		<file from="plugins/gov.nasa.jpl.cae.magicdraw.mdk/jackson-databind-2.10.3.jar" to="plugins/gov.nasa.jpl.cae.magicdraw.mdk/jackson-databind-2.10.3.jar"/>
		<file from="plugins/gov.nasa.jpl.cae.magicdraw.mdk/jackson-databind-nullable-0.2.1.jar" to="plugins/gov.nasa.jpl.cae.magicdraw.mdk/jackson-databind-nullable-0.2.1.jar"/>
		<file from="plugins/gov.nasa.jpl.cae.magicdraw.mdk/jackson-datatype-jsr310-2.10.3.jar" to="plugins/gov.nasa.jpl.cae.magicdraw.mdk/jackson-datatype-jsr310-2.10.3.jar"/>
		<file from="plugins/gov.nasa.jpl.cae.magicdraw.mdk/jackson-module-jaxb-annotations-2.8.10.jar" to="plugins/gov.nasa.jpl.cae.magicdraw.mdk/jackson-module-jaxb-annotations-2.8.10.jar"/>
		<file from="plugins/gov.nasa.jpl.cae.magicdraw.mdk/javadoc/mdk-5.0.1-SNAPSHOT-javadoc.zip" to="plugins/gov.nasa.jpl.cae.magicdraw.mdk/javadoc/mdk-5.0.1-SNAPSHOT-javadoc.zip"/>
		<file from="plugins/gov.nasa.jpl.cae.magicdraw.mdk/javax.annotation-api-1.2.jar" to="plugins/gov.nasa.jpl.cae.magicdraw.mdk/javax.annotation-api-1.2.jar"/>
		<file from="plugins/gov.nasa.jpl.cae.magicdraw.mdk/javax.inject-2.5.0-b42.jar" to="plugins/gov.nasa.jpl.cae.magicdraw.mdk/javax.inject-2.5.0-b42.jar"/>
		<file from="plugins/gov.nasa.jpl.cae.magicdraw.mdk/javax.ws.rs-api-2.1.jar" to="plugins/gov.nasa.jpl.cae.magicdraw.mdk/javax.ws.rs-api-2.1.jar"/>
		<file from="plugins/gov.nasa.jpl.cae.magicdraw.mdk/jcommander-1.72.jar" to="plugins/gov.nasa.jpl.cae.magicdraw.mdk/jcommander-1.72.jar"/>
		<file from="plugins/gov.nasa.jpl.cae.magicdraw.mdk/jersey-client-2.27.jar" to="plugins/gov.nasa.jpl.cae.magicdraw.mdk/jersey-client-2.27.jar"/>
		<file from="plugins/gov.nasa.jpl.cae.magicdraw.mdk/jersey-common-2.27.jar" to="plugins/gov.nasa.jpl.cae.magicdraw.mdk/jersey-common-2.27.jar"/>
		<file from="plugins/gov.nasa.jpl.cae.magicdraw.mdk/jersey-entity-filtering-2.27.jar" to="plugins/gov.nasa.jpl.cae.magicdraw.mdk/jersey-entity-filtering-2.27.jar"/>
		<file from="plugins/gov.nasa.jpl.cae.magicdraw.mdk/jersey-media-json-jackson-2.27.jar" to="plugins/gov.nasa.jpl.cae.magicdraw.mdk/jersey-media-json-jackson-2.27.jar"/>
		<file from="plugins/gov.nasa.jpl.cae.magicdraw.mdk/jersey-media-multipart-2.27.jar" to="plugins/gov.nasa.jpl.cae.magicdraw.mdk/jersey-media-multipart-2.27.jar"/>
		<file from="plugins/gov.nasa.jpl.cae.magicdraw.mdk/jgrapht-0.8.3.jar" to="plugins/gov.nasa.jpl.cae.magicdraw.mdk/jgrapht-0.8.3.jar"/>
		<file from="plugins/gov.nasa.jpl.cae.magicdraw.mdk/json-patch-1.13.jar" to="plugins/gov.nasa.jpl.cae.magicdraw.mdk/json-patch-1.13.jar"/>
		<file from="plugins/gov.nasa.jpl.cae.magicdraw.mdk/json-simple-1.1.jar" to="plugins/gov.nasa.jpl.cae.magicdraw.mdk/json-simple-1.1.jar"/>
		<file from="plugins/gov.nasa.jpl.cae.magicdraw.mdk/jsoup-1.6.1.jar" to="plugins/gov.nasa.jpl.cae.magicdraw.mdk/jsoup-1.6.1.jar"/>
		<file from="plugins/gov.nasa.jpl.cae.magicdraw.mdk/jsr305-3.0.2.jar" to="plugins/gov.nasa.jpl.cae.magicdraw.mdk/jsr305-3.0.2.jar"/>
		<file from="plugins/gov.nasa.jpl.cae.magicdraw.mdk/license/apache_fop_license.txt" to="plugins/gov.nasa.jpl.cae.magicdraw.mdk/license/apache_fop_license.txt"/>
		<file from="plugins/gov.nasa.jpl.cae.magicdraw.mdk/license/avalon-framework_license.txt" to="plugins/gov.nasa.jpl.cae.magicdraw.mdk/license/avalon-framework_license.txt"/>
		<file from="plugins/gov.nasa.jpl.cae.magicdraw.mdk/license/batik_license.txt" to="plugins/gov.nasa.jpl.cae.magicdraw.mdk/license/batik_license.txt"/>
		<file from="plugins/gov.nasa.jpl.cae.magicdraw.mdk/license/serializer_license.txt" to="plugins/gov.nasa.jpl.cae.magicdraw.mdk/license/serializer_license.txt"/>
		<file from="plugins/gov.nasa.jpl.cae.magicdraw.mdk/license/xalan.BCEL_license.txt" to="plugins/gov.nasa.jpl.cae.magicdraw.mdk/license/xalan.BCEL_license.txt"/>
		<file from="plugins/gov.nasa.jpl.cae.magicdraw.mdk/license/xalan.regexp_license.txt" to="plugins/gov.nasa.jpl.cae.magicdraw.mdk/license/xalan.regexp_license.txt"/>
		<file from="plugins/gov.nasa.jpl.cae.magicdraw.mdk/license/xalan.runtime_license.txt" to="plugins/gov.nasa.jpl.cae.magicdraw.mdk/license/xalan.runtime_license.txt"/>
		<file from="plugins/gov.nasa.jpl.cae.magicdraw.mdk/license/xalan_license.txt" to="plugins/gov.nasa.jpl.cae.magicdraw.mdk/license/xalan_license.txt"/>
		<file from="plugins/gov.nasa.jpl.cae.magicdraw.mdk/license/xercesImpl_license.txt" to="plugins/gov.nasa.jpl.cae.magicdraw.mdk/license/xercesImpl_license.txt"/>
		<file from="plugins/gov.nasa.jpl.cae.magicdraw.mdk/license/xerces_license.txt" to="plugins/gov.nasa.jpl.cae.magicdraw.mdk/license/xerces_license.txt"/>
		<file from="plugins/gov.nasa.jpl.cae.magicdraw.mdk/license/xml-apis-ext_license.txt" to="plugins/gov.nasa.jpl.cae.magicdraw.mdk/license/xml-apis-ext_license.txt"/>
		<file from="plugins/gov.nasa.jpl.cae.magicdraw.mdk/license/xml-apis_license.txt" to="plugins/gov.nasa.jpl.cae.magicdraw.mdk/license/xml-apis_license.txt"/>
		<file from="plugins/gov.nasa.jpl.cae.magicdraw.mdk/license/xmlgraphics-commons_license.txt" to="plugins/gov.nasa.jpl.cae.magicdraw.mdk/license/xmlgraphics-commons_license.txt"/>
		<file from="plugins/gov.nasa.jpl.cae.magicdraw.mdk/log4j-1.2.17.jar" to="plugins/gov.nasa.jpl.cae.magicdraw.mdk/log4j-1.2.17.jar"/>
		<file from="plugins/gov.nasa.jpl.cae.magicdraw.mdk/lpg.runtime.java_2.0.17.v201004271640.jar" to="plugins/gov.nasa.jpl.cae.magicdraw.mdk/lpg.runtime.java_2.0.17.v201004271640.jar"/>
		<file from="plugins/gov.nasa.jpl.cae.magicdraw.mdk/mdk-5.0.1-SNAPSHOT.jar" to="plugins/gov.nasa.jpl.cae.magicdraw.mdk/mdk-5.0.1-SNAPSHOT.jar"/>
		<file from="plugins/gov.nasa.jpl.cae.magicdraw.mdk/mimepull-1.9.6.jar" to="plugins/gov.nasa.jpl.cae.magicdraw.mdk/mimepull-1.9.6.jar"/>
		<file from="plugins/gov.nasa.jpl.cae.magicdraw.mdk/mms-java-client-3.4.2.jar" to="plugins/gov.nasa.jpl.cae.magicdraw.mdk/mms-java-client-3.4.2.jar"/>
		<file from="plugins/gov.nasa.jpl.cae.magicdraw.mdk/msg-simple-1.1.jar" to="plugins/gov.nasa.jpl.cae.magicdraw.mdk/msg-simple-1.1.jar"/>
		<file from="plugins/gov.nasa.jpl.cae.magicdraw.mdk/opencsv-2.3.jar" to="plugins/gov.nasa.jpl.cae.magicdraw.mdk/opencsv-2.3.jar"/>
		<file from="plugins/gov.nasa.jpl.cae.magicdraw.mdk/org.eclipse.ocl.common.ui_1.3.100.v20160613-1351.jar" to="plugins/gov.nasa.jpl.cae.magicdraw.mdk/org.eclipse.ocl.common.ui_1.3.100.v20160613-1351.jar"/>
		<file from="plugins/gov.nasa.jpl.cae.magicdraw.mdk/org.eclipse.ocl.common_1.4.100.v20160613-1351.jar" to="plugins/gov.nasa.jpl.cae.magicdraw.mdk/org.eclipse.ocl.common_1.4.100.v20160613-1351.jar"/>
		<file from="plugins/gov.nasa.jpl.cae.magicdraw.mdk/org.eclipse.ocl.ecore_3.6.100.v20160613-1351.jar" to="plugins/gov.nasa.jpl.cae.magicdraw.mdk/org.eclipse.ocl.ecore_3.6.100.v20160613-1351.jar"/>
		<file from="plugins/gov.nasa.jpl.cae.magicdraw.mdk/org.eclipse.ocl_3.6.100.v20160613-1351.jar" to="plugins/gov.nasa.jpl.cae.magicdraw.mdk/org.eclipse.ocl_3.6.100.v20160613-1351.jar"/>
		<file from="plugins/gov.nasa.jpl.cae.magicdraw.mdk/osgi-resource-locator-1.0.1.jar" to="plugins/gov.nasa.jpl.cae.magicdraw.mdk/osgi-resource-locator-1.0.1.jar"/>
		<file from="plugins/gov.nasa.jpl.cae.magicdraw.mdk/plugin.xml" to="plugins/gov.nasa.jpl.cae.magicdraw.mdk/plugin.xml"/>
		<file from="plugins/gov.nasa.jpl.cae.magicdraw.mdk/serializer-2.7.0.jar" to="plugins/gov.nasa.jpl.cae.magicdraw.mdk/serializer-2.7.0.jar"/>
		<file from="plugins/gov.nasa.jpl.cae.magicdraw.mdk/slf4j-api-1.7.2.jar" to="plugins/gov.nasa.jpl.cae.magicdraw.mdk/slf4j-api-1.7.2.jar"/>
		<file from="plugins/gov.nasa.jpl.cae.magicdraw.mdk/slf4j-log4j12-1.7.2.jar" to="plugins/gov.nasa.jpl.cae.magicdraw.mdk/slf4j-log4j12-1.7.2.jar"/>
		<file from="plugins/gov.nasa.jpl.cae.magicdraw.mdk/swagger-annotations-1.5.22.jar" to="plugins/gov.nasa.jpl.cae.magicdraw.mdk/swagger-annotations-1.5.22.jar"/>
		<file from="plugins/gov.nasa.jpl.cae.magicdraw.mdk/swingx-all-1.6.4.jar" to="plugins/gov.nasa.jpl.cae.magicdraw.mdk/swingx-all-1.6.4.jar"/>
		<file from="plugins/gov.nasa.jpl.cae.magicdraw.mdk/xalan-2.7.0.jar" to="plugins/gov.nasa.jpl.cae.magicdraw.mdk/xalan-2.7.0.jar"/>
		<file from="plugins/gov.nasa.jpl.cae.magicdraw.mdk/xercesImpl-2.7.1.jar" to="plugins/gov.nasa.jpl.cae.magicdraw.mdk/xercesImpl-2.7.1.jar"/>
		<file from="plugins/gov.nasa.jpl.cae.magicdraw.mdk/xml-apis-1.3.04.jar" to="plugins/gov.nasa.jpl.cae.magicdraw.mdk/xml-apis-1.3.04.jar"/>
		<file from="plugins/gov.nasa.jpl.cae.magicdraw.mdk/xml-apis-ext-1.3.04.jar" to="plugins/gov.nasa.jpl.cae.magicdraw.mdk/xml-apis-ext-1.3.04.jar"/>
		<file from="plugins/gov.nasa.jpl.cae.magicdraw.mdk/xmlgraphics-commons-1.5.jar" to="plugins/gov.nasa.jpl.cae.magicdraw.mdk/xmlgraphics-commons-1.5.jar"/>
		<file from="profiles/SysML Extensions.mdxml" to="profiles/SysML Extensions.mdxml"/>
		<file from="samples/MDK/DocGen.mdzip" to="samples/MDK/DocGen.mdzip"/>

        <!-- END AUTO-GENERATED -->
    </installation>
</resourceDescriptor>
